,Date,HighTemp,AvgTemp,LowTemp,HightDpt,AvgDpt,LowDpt,AvgHum,AvgWind,TotalPrecip,HighPres,AvgPres,LowPres,WindDir,WindSpeed,Visibility
0,2018-04-17,84,69,54,62,58,54,71,13,0,29,29,29,180,15,10
1,2018-04-18,81,70,57,65,56,42,65,4,0,30,29,29,160,10,10
2,2018-04-19,76,64,53,43,39,35,42,7,0,30,30,30,30,12,10
3,2018-04-20,67,60,51,50,46,42,62,1,0,30,30,29,110,8,10
4,2018-04-21,71,65,59,69,62,52,92,2,0,29,29,29,,6,6
5,2018-04-22,76,62,53,58,50,47,67,5,0.24,30,29,29,350,11,10
6,2018-04-23,84,66,48,54,49,46,61,1,0,30,29,29,,4,10
7,2018-04-24,85,68,51,59,56,50,68,0,0,30,29,29,,3,10
8,2018-04-25,86,66,53,61,56,47,76,3,0,30,29,29,,8,9
9,2018-04-26,76,62,46,54,49,45,68,0,0.32,30,29,29,,4,10
10,2018-04-27,78,65,51,57,52,49,66,0,0,30,29,29,,4,10
11,2018-04-28,83,69,52,58,54,50,64,0,0,30,29,29,,5,10
12,2018-04-29,81,68,51,62,55,51,67,3,0,30,30,29,,7,9
13,2018-04-30,77,70,58,66,64,58,82,6,0,30,29,29,150,11,10
14,2018-05-01,81,74,70,72,69,66,84,5,0,29,29,29,150,13,10
15,2018-05-02,86,78,73,73,71,68,81,12,0,29,29,29,160,15,9
16,2018-05-03,85,79,75,73,71,69,76,6,0,29,29,29,160,13,9
17,2018-05-04,74,68,63,72,66,62,94,7,0.03,30,30,29,,11,6
18,2018-05-05,83,70,59,65,60,54,76,2,2.56,30,30,29,320,7,9
19,2018-05-06,87,72,55,61,56,53,64,1,0,30,30,29,,3,10
20,2018-05-07,90,72,53,62,58,53,67,0,0,30,30,29,,4,10
21,2018-05-08,88,76,63,61,58,51,56,5,0,30,29,29,210,10,10
22,2018-05-09,88,74,60,67,60,50,67,3,0,29,29,29,160,9,9
23,2018-05-10,88,71,60,67,63,57,79,3,0,29,29,29,160,10,7
24,2018-05-11,90,78,70,70,66,61,71,6,0,29,29,29,180,14,10
25,2018-05-12,92,80,71,70,68,64,70,4,0,29,29,29,180,12,9
26,2018-05-13,91,79,73,72,70,67,76,2,0,29,29,29,160,10,9
27,2018-05-14,90,80,73,72,70,65,73,2,0,29,29,29,160,9,10
28,2018-05-15,90,80,73,71,68,65,70,2,0,29,29,29,180,8,10
29,2018-05-16,95,81,67,69,66,63,64,0,0.01,29,29,29,,4,10
30,2018-05-17,96,82,65,66,63,62,56,1,0,29,29,29,,6,10
31,2018-05-18,95,80,72,70,67,64,69,4,0,29,29,29,190,11,10
32,2018-05-19,93,82,74,71,68,64,67,12,0,29,29,29,170,15,9
33,2018-05-20,85,75,70,72,70,68,85,4,0,29,29,29,140,10,10
34,2018-05-21,84,75,70,72,69,67,84,1,0.48,29,29,29,40,6,9
35,2018-05-22,88,76,67,72,69,65,80,1,0,29,29,29,,4,9
36,2018-05-23,88,75,66,73,69,65,84,1,0,29,29,29,,4,8
37,2018-05-24,91,77,69,73,70,68,82,0,0.15,30,29,29,,3,8
38,2018-05-25,95,81,72,73,71,68,75,0,0,29,29,29,,5,10
39,2018-05-26,96,84,72,72,70,66,65,1,0,29,29,29,160,7,10
40,2018-05-27,96,84,71,72,69,67,64,1,0,29,29,29,130,6,10
41,2018-05-28,95,84,69,72,69,65,62,0,0,29,29,29,,4,10
42,2018-05-29,95,83,69,71,68,65,65,1,0,29,29,29,,7,10
43,2018-05-30,96,82,71,72,70,67,69,8,0,29,29,29,160,11,10
44,2018-05-31,98,83,75,73,71,68,71,6,0,29,29,29,180,12,10
45,2018-06-01,98,84,75,74,71,68,68,4,0,29,29,29,180,11,9
46,2018-06-02,100,86,76,75,72,67,66,3,0,29,29,29,190,11,9
47,2018-06-03,99,86,76,74,73,70,68,0,0,29,29,29,,5,10
48,2018-06-04,91,80,74,73,70,66,73,3,0.11,30,29,29,260,8,9
49,2018-06-05,100,86,73,73,70,65,64,1,0,29,29,29,160,9,10
50,2018-06-06,99,86,76,74,71,66,65,1,0,29,29,29,160,10,10
51,2018-06-07,98,84,74,75,70,62,67,5,0,29,29,29,170,10,10
52,2018-06-08,96,83,71,75,70,64,69,1,0,30,29,29,150,7,10
53,2018-06-09,96,81,74,75,72,67,75,2,0,29,29,29,160,8,9
54,2018-06-10,98,85,76,75,71,64,68,8,0,29,29,29,180,12,9
55,2018-06-11,97,86,77,74,70,66,64,11,0,29,29,29,180,14,10
56,2018-06-12,98,85,77,75,70,62,66,4,0,29,29,29,170,13,10
57,2018-06-13,98,84,73,75,70,62,67,1,0,29,29,29,160,8,10
58,2018-06-14,97,81,69,73,70,64,71,4,0,29,29,29,,7,10
59,2018-06-15,96,81,71,73,71,68,74,3,0,29,29,29,190,8,10
60,2018-06-16,94,82,71,76,72,67,74,2,0,29,29,29,150,9,10
61,2018-06-17,93,81,70,74,71,68,75,1,0.02,29,29,29,,5,10
62,2018-06-18,94,80,75,75,73,70,81,3,0.03,29,29,29,160,9,9
63,2018-06-19,80,76,74,75,74,72,93,0,0.04,29,29,29,100,8,8
64,2018-06-20,82,78,75,75,74,73,88,1,0.19,29,29,29,100,6,10
65,2018-06-21,93,81,74,75,73,70,80,0,0.22,29,29,29,,4,7
66,2018-06-22,98,85,76,77,74,71,71,5,0,29,29,29,200,10,9
67,2018-06-23,98,85,75,75,73,70,69,10,0,29,29,29,160,14,10
68,2018-06-24,98,86,77,75,72,68,66,13,0,29,29,29,180,15,10
69,2018-06-25,94,84,77,76,72,68,71,6,0,29,29,29,180,13,10
70,2018-06-26,97,85,77,76,72,65,70,5,0.01,29,29,29,160,11,10
71,2018-06-27,98,85,75,74,71,66,67,5,0,29,29,29,190,11,10
72,2018-06-28,98,84,74,74,72,66,70,5,0,29,29,29,190,11,10
73,2018-06-29,98,85,76,74,72,69,68,9,0,29,29,29,180,13,10
74,2018-06-30,99,86,77,75,71,65,66,12,0,29,29,29,160,14,8
75,2018-07-01,103,86,76,73,70,61,64,6,0,29,29,29,180,12,8
76,2018-07-02,100,86,74,74,69,63,61,4,0,29,29,29,200,9,9
77,2018-07-03,101,85,74,74,70,62,65,1,0,29,29,29,200,7,10
78,2018-07-04,98,79,72,75,73,68,84,2,0,29,29,29,,7,8
79,2018-07-05,93,80,71,72,70,65,75,2,0.63,30,30,29,70,7,10
80,2018-07-06,95,84,74,75,71,65,68,2,0.15,30,30,29,,7,10
81,2018-07-07,92,81,73,75,72,69,78,1,0.06,30,29,29,,6,10
82,2018-07-08,95,81,71,73,72,67,76,2,0,30,29,29,,6,10
83,2018-07-09,83,76,72,75,73,71,89,0,0,30,30,30,,4,9
84,2018-07-10,94,79,70,75,72,66,81,0,0.42,30,30,29,,4,8
85,2018-07-11,96,84,74,74,71,67,67,0,0,30,29,29,210,6,10
86,2018-07-12,96,85,74,74,69,64,63,1,0,30,29,29,200,8,10
87,2018-07-13,96,84,74,75,71,64,68,2,0,30,29,29,190,9,10
88,2018-07-14,97,85,75,75,71,66,69,5,0,30,29,29,180,10,10
89,2018-07-15,97,85,75,75,71,55,66,7,0,29,29,29,190,11,9
90,2018-07-16,98,85,75,75,70,58,66,4,0,29,29,29,200,10,8
91,2018-07-17,99,84,73,74,69,59,66,2,0,30,29,29,210,8,9
92,2018-07-18,101,87,74,76,69,57,62,1,0,29,29,29,200,10,9
93,2018-07-19,103,87,76,77,70,59,65,4,0,29,29,29,200,10,10
94,2018-07-20,103,87,75,75,69,58,62,3,0,29,29,29,190,9,9
95,2018-07-21,102,85,71,75,70,61,68,3,0,29,29,29,200,9,8
96,2018-07-22,104,89,75,76,68,56,57,5,0,29,29,29,200,8,9
97,2018-07-23,109,92,76,74,66,57,49,0,0,29,29,29,260,6,10
98,2018-07-24,101,91,81,75,70,65,52,6,0,29,29,29,160,8,10
99,2018-07-25,101,88,75,75,66,60,54,0,0,29,29,29,,4,10
100,2018-07-26,99,87,70,68,61,53,47,1,0,29,29,29,,4,10
101,2018-07-27,102,87,69,64,60,53,45,3,0,29,29,29,,7,10
102,2018-07-28,100,86,69,73,67,60,57,1,0,29,29,29,150,7,10
103,2018-07-29,102,87,74,75,70,63,61,1,0,29,29,29,210,8,10
104,2018-07-30,100,88,77,75,70,64,59,1,0,29,29,29,200,8,10
105,2018-07-31,98,86,76,74,69,58,61,3,0,29,29,29,,7,10
106,2018-08-01,99,83,69,71,58,48,50,4,0,29,29,29,,6,10
107,2018-08-02,98,83,64,61,57,53,47,0,0,29,29,29,,4,10
108,2018-08-03,98,85,68,69,62,54,52,2,0,29,29,29,,6,10
109,2018-08-04,97,82,67,73,68,64,67,6,0,29,29,29,,8,10
110,2018-08-05,97,83,73,75,70,61,69,5,0,30,30,29,160,8,10
111,2018-08-06,95,83,71,74,70,67,69,0,0,30,29,29,,6,10
112,2018-08-07,99,85,73,74,70,67,66,2,0,30,29,29,170,9,10
113,2018-08-08,100,86,78,75,70,63,64,3,0,29,29,29,190,10,10
114,2018-08-09,99,86,72,74,69,63,61,1,0,29,29,29,,8,10
115,2018-08-10,97,86,76,75,70,65,62,1,0,29,29,29,160,7,10
116,2018-08-11,96,83,78,75,72,68,72,0,0,29,29,29,,5,10
117,2018-08-12,91,79,75,76,74,70,84,1,0.03,29,29,29,180,6,8
118,2018-08-13,96,85,76,77,71,62,69,10,0.58,29,29,29,160,12,9
119,2018-08-14,97,85,74,74,71,67,67,5,0,29,29,29,190,11,9
120,2018-08-15,100,86,75,75,70,65,65,3,0,29,29,29,180,9,10
121,2018-08-16,101,87,77,75,72,66,64,8,0,29,29,29,180,10,10
122,2018-08-17,102,87,73,75,69,60,62,3,0,30,29,29,180,8,10
123,2018-08-18,101,88,76,74,67,60,57,0,0,29,29,29,160,9,10
124,2018-08-19,102,87,76,75,70,61,63,5,0,29,29,29,180,11,10
125,2018-08-20,101,89,79,76,71,64,60,1,0.23,29,29,29,230,8,10
126,2018-08-21,102,89,77,74,70,64,56,0,0,30,29,29,,6,10
127,2018-08-22,102,89,78,74,68,60,52,0,0,30,30,29,160,6,10
128,2018-08-23,102,89,75,72,67,62,52,3,0,30,29,29,160,7,10
129,2018-08-24,101,88,73,73,67,62,55,5,0,29,29,29,150,9,10
130,2018-08-25,100,90,79,75,69,63,53,5,0,29,29,29,170,11,10
131,2018-08-26,100,86,76,75,70,62,65,2,0,29,29,29,180,8,10
132,2018-08-27,101,87,76,75,71,64,63,7,0,29,29,29,200,10,10
133,2018-08-28,102,93,84,72,67,62,45,9,0,29,29,29,160,14,10
134,2018-08-29,100,86,78,75,72,64,66,3,0,29,29,29,160,9,10
135,2018-08-30,99,85,74,74,71,63,67,1,0,29,29,29,,5,10
136,2018-08-31,99,84,70,72,69,64,65,1,0,29,29,29,,5,10
137,2018-09-01,98,85,73,73,69,65,63,2,0,29,29,29,,5,10
138,2018-09-02,98,84,74,74,72,67,68,0,0,29,29,29,,7,10
139,2018-09-03,94,80,75,76,73,68,81,1,0,29,29,29,,6,9
140,2018-09-04,92,80,76,75,74,70,81,0,0.78,29,29,29,160,6,10
141,2018-09-05,94,82,74,76,74,70,78,0,0.07,29,29,29,,4,10
142,2018-09-06,93,82,76,77,73,69,78,2,0,30,29,29,,5,10
143,2018-09-07,87,80,75,75,74,72,83,1,0.03,29,29,29,,3,9
144,2018-09-08,91,80,74,75,73,70,78,1,0.34,29,29,29,,5,10
145,2018-09-09,79,76,73,74,72,70,90,0,0.49,29,29,29,50,7,6
146,2018-09-10,77,75,72,70,69,67,81,0,1.59,29,29,29,350,9,9
147,2018-09-11,85,76,72,75,72,70,90,0,0.21,29,29,29,350,6,8
148,2018-09-12,86,79,75,76,74,73,85,2,0.21,29,29,29,70,6,8
149,2018-09-13,90,79,73,74,73,70,81,1,0.28,29,29,29,40,8,10
150,2018-09-14,85,78,73,76,73,71,86,2,0,29,29,29,40,9,9
151,2018-09-15,85,78,74,76,74,72,86,0,0.41,29,29,29,50,9,9
152,2018-09-16,89,77,72,75,73,71,87,1,0.1,29,29,29,,4,7
153,2018-09-17,92,80,70,74,71,67,77,0,0.12,29,29,29,,3,9
154,2018-09-18,93,82,74,75,71,68,73,1,0,29,29,29,,5,10
155,2018-09-19,93,81,71,75,72,69,77,0,0,29,29,29,,4,9
156,2018-09-20,89,79,76,78,75,71,87,1,0,29,29,29,150,6,9
157,2018-09-21,89,82,77,78,76,73,84,1,0.27,29,29,29,170,7,10
158,2018-09-22,80,75,71,77,70,63,84,4,0.6,29,29,29,310,9,9
159,2018-09-23,80,73,66,70,67,63,81,0,0.04,29,29,29,,3,9
160,2018-09-24,90,78,72,72,70,68,77,0,0,29,29,29,,3,10
161,2018-09-25,93,81,74,76,73,70,79,0,0,29,29,29,190,7,10
162,2018-09-26,88,78,70,76,72,58,80,0,0,30,29,29,,8,9
163,2018-09-27,79,70,63,63,58,52,66,0,0.05,30,29,29,350,9,10
164,2018-09-28,84,73,60,72,66,60,81,0,0,30,29,29,,4,10
165,2018-09-29,81,75,71,73,72,70,89,1,0,30,30,29,,5,9
166,2018-09-30,85,74,68,72,70,67,88,1,0,30,30,29,,4,8
167,2018-10-01,86,75,67,75,72,67,90,0,0,30,30,29,,3,8
168,2018-10-02,89,77,69,75,73,69,89,1,0.07,30,30,29,,4,8
169,2018-10-03,91,79,73,75,73,69,83,2,0,29,29,29,180,7,8
170,2018-10-04,91,80,72,74,72,67,78,1,0,29,29,29,180,7,10
171,2018-10-05,92,80,74,76,73,67,82,0,0,29,29,29,170,8,7
172,2018-10-06,87,79,75,76,75,73,86,1,0,29,29,29,130,7,8
173,2018-10-07,89,79,71,76,73,70,83,3,0.49,29,29,29,150,8,9
174,2018-10-08,83,76,72,76,73,70,90,1,0,29,29,29,110,6,8
175,2018-10-09,82,75,69,76,72,68,91,2,0.53,29,29,29,,6,9
176,2018-10-10,78,69,63,70,65,60,89,0,0.47,29,29,29,,6,5
177,2018-10-11,75,67,60,60,57,54,71,0,0,30,29,29,30,7,10
178,2018-10-12,85,74,60,71,64,58,74,1,0,29,29,29,,6,10
179,2018-10-13,91,80,72,77,73,69,82,12,0,29,29,29,200,12,10
180,2018-10-14,90,77,69,77,71,67,83,1,0.14,29,29,29,50,8,9
181,2018-10-15,76,50,45,73,47,43,89,20,0.02,30,30,29,160,19,6
182,2018-10-16,52,50,48,49,47,45,90,2,2.55,30,30,30,340,13,7
183,2018-10-17,60,56,51,56,52,49,88,1,0.33,30,30,30,10,13,8
184,2018-10-18,62,59,55,58,54,48,85,0,0.04,30,30,30,360,11,9
185,2018-10-19,66,63,60,63,61,58,92,0,0.16,30,30,30,340,7,6
186,2018-10-20,68,65,61,61,60,58,83,0,1,30,30,30,20,12,10
187,2018-10-21,74,64,56,54,48,44,60,2,0,30,30,30,20,10,10
188,2018-10-22,65,60,56,56,51,48,75,0,0,30,30,30,,4,10
189,2018-10-23,67,60,53,55,51,45,75,0,0.3,30,30,30,70,6,10
190,2018-10-24,63,60,58,62,58,53,93,0,0.11,30,29,29,30,7,6
191,2018-10-25,68,61,52,60,56,50,85,0,0.42,29,29,29,330,6,10
192,2018-10-26,80,63,49,61,55,49,79,0,0,29,29,29,,4,10
193,2018-10-27,86,67,50,62,56,50,73,0,0,30,29,29,240,5,10
194,2018-10-28,84,67,54,63,57,53,74,0,0,30,30,30,,6,10
195,2018-10-29,84,67,55,67,61,54,83,1,0,30,30,29,,5,7
196,2018-10-30,84,73,66,69,67,64,81,3,0,29,29,29,180,10,9
197,2018-10-31,84,71,59,72,66,56,87,8,0,29,29,29,170,11,9
198,2018-11-01,69,59,48,56,44,38,63,6,0.57,30,29,29,,8,10
199,2018-11-02,77,59,41,50,44,38,64,0,0,30,29,29,,4,10
200,2018-11-03,78,64,48,61,54,45,71,9,0,29,29,29,200,10,10
201,2018-11-04,73,64,52,63,52,46,70,0,0.51,30,29,29,320,7,10
202,2018-11-05,79,67,52,67,62,49,86,5,0,29,29,29,200,8,7
203,2018-11-06,80,68,59,73,66,58,94,0,0,29,29,29,,2,5
204,2018-11-07,88,76,64,74,70,60,83,1,0.01,29,29,29,,7,6
205,2018-11-08,63,60,57,60,57,55,90,1,0,29,29,29,20,13,5
206,2018-11-09,60,55,51,54,45,38,71,16,1.08,30,30,30,10,20,10
207,2018-11-10,54,50,48,37,34,30,54,0,0.01,30,30,30,40,8,10
208,2018-11-11,55,51,48,50,45,37,81,0,0,30,30,29,50,6,6
209,2018-11-12,51,48,40,48,42,30,82,14,0.33,30,30,29,350,16,8
210,2018-11-13,47,39,35,29,24,20,56,17,0.04,30,30,30,340,15,10
211,2018-11-14,56,40,25,29,23,15,55,1,0,30,30,30,,5,10
212,2018-11-15,64,45,28,36,31,25,64,0,0,30,30,30,290,5,10
213,2018-11-16,70,49,32,38,34,29,64,0,0,30,30,30,,4,10
214,2018-11-17,75,55,39,58,48,37,78,1,0,30,30,29,,4,8
215,2018-11-18,62,53,45,57,45,38,76,1,0.13,30,30,30,20,13,8
216,2018-11-19,53,49,44,40,39,37,68,0,0.16,30,30,30,20,10,10
217,2018-11-20,63,49,38,38,37,34,66,3,0,30,30,30,340,7,10
218,2018-11-21,56,47,36,49,41,33,79,0,0,30,30,30,,2,10
219,2018-11-22,62,56,50,51,48,45,76,0,0.03,30,30,30,,4,10
220,2018-11-23,79,61,49,60,51,43,73,1,0,29,29,29,190,7,9
221,2018-11-24,76,58,40,58,46,39,69,0,0,29,29,29,,5,10
222,2018-11-25,69,62,50,61,44,28,57,9,0,30,29,29,350,14,9
223,2018-11-26,59,47,32,31,27,23,48,3,0,30,30,30,,10,10
224,2018-11-27,64,46,30,33,29,25,57,1,0,30,30,30,200,6,10
225,2018-11-28,71,57,45,53,47,34,69,9,0,30,29,29,210,11,10
226,2018-11-29,75,64,52,66,60,50,88,3,0,29,29,29,200,11,7
227,2018-11-30,77,70,67,68,66,64,86,3,0,29,29,29,190,11,9
228,2018-12-01,79,65,46,57,40,30,47,8,0.04,29,29,29,280,7,10
229,2018-12-02,70,55,43,42,39,36,57,0,0,29,29,29,260,8,10
230,2018-12-03,64,54,42,38,36,35,52,1,0,30,30,29,30,13,10
231,2018-12-04,57,47,39,34,33,31,59,0,0,30,30,30,20,9,10
232,2018-12-05,57,48,42,40,33,30,55,0,0,30,30,30,180,6,10
233,2018-12-06,58,57,55,56,55,52,93,0,0,30,30,30,340,5,2
234,2018-12-07,56,52,48,55,50,45,92,1,1.26,30,30,30,360,13,4
235,2018-12-08,48,46,43,45,40,36,82,14,2.84,30,30,29,340,14,9
236,2018-12-09,55,44,37,39,35,32,71,1,0,30,30,30,320,10,10
237,2018-12-10,59,45,34,33,30,26,62,0,0,30,30,30,,4,10
238,2018-12-11,63,46,30,46,37,27,75,2,0,30,30,30,,6,10
239,2018-12-12,67,59,48,62,54,46,85,1,0,30,29,29,190,7,10
240,2018-12-13,71,59,46,62,47,27,68,15,0,29,29,29,210,12,9
241,2018-12-14,54,49,45,39,35,28,60,22,0,30,29,29,310,16,10
242,2018-12-15,69,52,38,31,24,17,37,2,0,30,30,30,320,7,10
243,2018-12-16,65,47,30,41,34,26,65,0,0,30,30,30,,2,10
244,2018-12-17,72,53,38,42,38,32,60,0,0,30,30,30,,2,10
245,2018-12-18,64,50,35,56,47,32,89,0,0,30,29,29,,3,4
246,2018-12-19,63,57,50,57,55,49,94,0,0.03,29,29,29,,4,4
247,2018-12-20,65,57,50,55,36,24,51,14,0,29,29,29,320,13,9
248,2018-12-21,66,51,38,32,28,25,45,0,0,30,29,29,190,6,10
249,2018-12-22,79,57,43,42,38,34,55,1,0,29,29,29,200,7,10
250,2018-12-23,63,52,40,43,36,31,57,1,0,30,30,30,10,11,10
251,2018-12-24,65,51,33,60,43,30,74,0,0,30,30,29,,4,10
252,2018-12-25,76,65,59,63,60,57,83,1,0,30,29,29,160,8,6
253,2018-12-26,72,67,54,69,63,52,89,12,0,29,29,29,130,15,7
254,2018-12-27,70,58,49,53,46,38,70,3,1.91,29,29,29,,6,9
255,2018-12-28,54,47,41,39,34,31,60,0,0,30,30,29,10,16,10
256,2018-12-29,47,44,43,33,32,30,61,1,0,30,30,30,360,16,10
257,2018-12-30,43,41,39,40,37,31,85,0,0,30,29,29,360,7,7
258,2018-12-31,61,48,36,48,43,36,85,0,0.29,29,29,29,190,6,9
259,2019-01-01,46,42,36,39,37,35,83,1,0,30,30,29,10,11,7
260,2019-01-02,41,38,37,39,36,35,92,0,0.66,30,30,29,350,11,5
261,2019-01-03,52,41,31,38,36,30,85,1,1.69,30,29,29,330,7,7
262,2019-01-04,67,46,30,36,33,29,67,0,0.03,30,29,29,,4,10
263,2019-01-05,73,49,32,40,35,30,66,0,0,30,30,30,,4,10
264,2019-01-06,75,54,34,61,49,33,85,6,0,30,29,29,,8,8
265,2019-01-07,76,67,58,64,61,57,83,0,0,30,29,29,210,8,10
266,2019-01-08,77,62,52,61,54,36,79,0,0,30,30,30,,4,5
267,2019-01-09,62,54,43,38,32,27,46,1,0,30,30,30,20,12,10
268,2019-01-10,60,51,40,39,35,28,56,0,0,30,30,30,,3,10
269,2019-01-11,63,55,43,57,50,37,82,0,0,30,29,29,,4,8
270,2019-01-12,62,55,42,56,45,34,73,8,0.33,30,29,29,320,8,8
271,2019-01-13,53,46,38,38,35,32,66,1,0,30,30,30,360,12,10
272,2019-01-14,50,44,36,38,34,32,70,0,0,30,30,30,,7,8
273,2019-01-15,51,49,47,46,42,37,74,0,0,30,30,30,,4,9
274,2019-01-16,58,54,50,56,52,46,91,0,0,30,30,30,,3,3
275,2019-01-17,77,61,48,56,52,45,76,0,0.05,30,30,30,,5,9
276,2019-01-18,66,60,50,63,58,48,93,0,0,30,29,29,200,9,3
277,2019-01-19,65,52,35,58,31,23,46,21,0.01,30,30,29,340,17,10
278,2019-01-20,55,41,33,31,26,22,55,0,0,30,30,30,,6,10
279,2019-01-21,67,50,29,52,41,26,72,6,0,30,30,29,,10,10
280,2019-01-22,71,61,44,58,53,38,75,9,0,29,29,29,170,12,10
281,2019-01-23,56,43,31,35,23,18,48,16,0.1,30,30,29,340,13,10
282,2019-01-24,64,45,27,35,29,23,60,2,0,30,30,29,,6,10
283,2019-01-25,60,48,35,43,38,31,68,0,0,30,30,30,,4,10
284,2019-01-26,64,51,39,52,45,37,81,0,0,30,30,30,,5,9
285,2019-01-27,67,52,39,50,43,28,77,0,0.38,30,30,29,,3,7
286,2019-01-28,71,56,38,51,43,26,65,11,0,30,29,29,200,14,10
287,2019-01-29,49,44,37,29,22,17,42,6,0,30,30,30,10,12,10
288,2019-01-30,55,47,37,40,32,25,57,0,0,30,30,30,160,5,10
289,2019-01-31,61,55,48,57,49,40,83,0,0,30,30,29,,4,8
290,2019-02-01,67,60,57,60,57,55,91,0,0.01,30,30,29,,4,6
291,2019-02-02,67,63,60,62,60,58,91,0,0,30,29,29,130,5,6
292,2019-02-03,76,67,62,65,63,61,88,2,0.02,29,29,29,170,9,5
293,2019-02-04,75,69,66,67,65,65,88,1,0,29,29,29,200,9,5
294,2019-02-05,78,71,68,67,66,65,87,2,0,29,29,29,180,10,5
295,2019-02-06,77,72,69,69,68,66,87,5,0,29,29,29,180,12,5
296,2019-02-07,73,62,40,68,49,25,65,19,0.01,30,29,29,180,17,9
297,2019-02-08,39,36,34,25,22,18,55,7,0.01,30,30,30,20,18,10
298,2019-02-09,41,38,35,38,33,27,84,0,0,30,30,30,30,10,7
299,2019-02-10,49,44,39,47,41,37,92,0,0.22,30,30,29,350,6,3
300,2019-02-11,63,58,49,59,54,46,89,0,0.04,29,29,29,,5,6
301,2019-02-12,65,54,36,55,36,28,53,1,0.05,30,30,29,340,9,10
302,2019-02-13,64,49,29,46,35,27,63,3,0,30,30,29,180,7,10
303,2019-02-14,74,62,52,56,52,47,73,8,0,29,29,29,210,12,10
304,2019-02-15,85,67,52,60,55,50,69,1,0,29,29,29,190,7,10
305,2019-02-16,59,50,43,48,41,36,71,0,0,29,29,29,20,11,8
306,2019-02-17,62,56,49,54,43,33,66,0,0,30,29,29,20,12,8
307,2019-02-18,61,51,44,35,32,31,50,6,0,30,30,30,20,16,10
308,2019-02-19,46,43,41,40,38,32,83,1,0,30,29,29,20,13,6
309,2019-02-20,64,49,38,39,37,31,65,0,0.15,29,29,29,350,6,10
310,2019-02-21,56,52,43,49,44,38,74,0,0,29,29,29,30,8,10
311,2019-02-22,58,53,50,53,51,48,92,0,0,29,29,29,320,6,4
312,2019-02-23,77,61,50,60,42,21,63,8,0.03,30,29,29,,7,6
313,2019-02-24,64,53,40,33,31,27,45,2,0,30,30,30,40,9,10
314,2019-02-25,67,54,38,52,42,32,66,1,0,30,30,30,130,7,10
315,2019-02-26,65,58,55,59,56,52,91,0,0,30,30,29,40,5,4
316,2019-02-27,78,64,53,65,60,47,88,0,0.04,30,29,29,,3,4
317,2019-02-28,49,44,41,44,39,37,83,0,0,30,30,29,10,12,7
318,2019-03-01,55,49,43,51,43,38,82,0,0.04,30,29,29,20,5,4
319,2019-03-02,53,50,46,49,47,44,91,0,0,30,29,29,20,10,1
320,2019-03-03,47,44,35,44,38,24,81,13,0.01,30,30,29,10,17,7
321,2019-03-04,39,34,31,24,18,14,53,4,0,30,30,30,10,18,10
322,2019-03-05,48,37,26,23,16,11,44,7,0,30,30,30,10,11,10
323,2019-03-06,59,46,25,48,31,20,60,6,0,30,30,30,160,9,10
324,2019-03-07,73,60,51,63,54,48,81,2,0,30,30,29,180,10,6
325,2019-03-08,82,73,66,67,66,63,80,8,0,29,29,29,200,13,8
326,2019-03-09,86,72,53,69,57,32,67,3,0.01,29,29,29,170,10,7
327,2019-03-10,79,68,53,69,61,45,80,0,0,29,29,29,130,7,7
328,2019-03-11,67,61,59,57,53,48,74,0,0,30,30,29,20,12,8
329,2019-03-12,79,67,59,69,63,56,87,7,0.01,30,29,29,150,12,4
330,2019-03-13,82,70,57,69,61,53,75,13,0.02,29,29,29,160,13,9
331,2019-03-14,75,69,51,69,42,34,41,9,0.43,30,29,29,350,12,9
332,2019-03-15,60,55,47,35,30,25,40,7,0,30,30,30,10,17,10
333,2019-03-16,60,53,40,37,30,25,43,0,0,30,30,30,40,9,10
334,2019-03-17,67,53,39,40,35,32,55,0,0,30,30,30,,3,10
335,2019-03-18,69,54,40,43,37,29,57,1,0,30,30,30,,5,10
336,2019-03-19,72,57,43,50,42,37,60,3,0,30,30,30,,5,10
337,2019-03-20,75,60,46,52,49,44,69,0,0,30,30,30,,4,10
338,2019-03-21,76,61,46,48,41,21,55,0,0,30,30,30,,4,10
339,2019-03-22,79,63,44,56,47,40,60,2,0,30,30,29,,7,10
340,2019-03-23,74,67,61,62,58,49,73,1,0,30,29,29,160,9,10
341,2019-03-24,82,71,65,66,63,62,79,0,0,30,29,29,180,9,10
342,2019-03-25,81,72,61,68,60,46,68,1,0,30,30,29,40,9,9
343,2019-03-26,78,63,51,51,49,46,61,0,0,30,30,30,,7,10
344,2019-03-27,78,62,44,56,51,43,71,3,0,30,30,30,,7,10
345,2019-03-28,78,64,49,59,54,47,73,7,0,30,30,29,,9,10
346,2019-03-29,79,68,61,62,60,57,76,2,0,29,29,29,170,12,10
347,2019-03-30,71,64,52,63,53,34,70,12,0,30,29,29,350,15,10
348,2019-03-31,58,50,41,34,31,26,49,10,0,30,30,30,10,16,10
349,2019-04-01,61,49,35,38,35,31,61,0,0,30,30,30,,4,10
350,2019-04-02,74,55,34,45,36,32,56,1,0,30,30,29,,6,10
351,2019-04-03,70,64,54,65,56,46,78,3,0,30,29,29,160,10,8
352,2019-04-04,91,75,66,67,64,49,74,1,0.05,29,29,29,210,8,8
353,2019-04-05,82,70,57,66,63,53,80,0,0,29,29,29,,5,6
354,2019-04-06,73,71,68,70,68,65,90,0,0,29,29,29,130,6,4
355,2019-04-07,71,67,64,66,61,54,84,4,0.75,29,29,29,,8,6
356,2019-04-08,87,72,60,61,55,50,58,3,1.18,29,29,29,320,8,10
357,2019-04-09,89,72,54,62,57,52,65,1,0,29,29,29,,3,10
358,2019-04-10,92,74,54,62,57,53,61,9,0,29,29,29,180,12,10
359,2019-04-11,82,71,57,59,48,34,51,0,0,29,29,29,,6,10
360,2019-04-12,80,66,51,65,53,44,64,2,0,29,29,29,70,10,10
361,2019-04-13,71,65,50,64,58,37,81,11,0,29,29,29,320,10,6
362,2019-04-14,74,59,48,47,41,37,54,6,1.09,30,29,29,,9,10
363,2019-04-15,81,65,46,57,50,43,62,3,0,30,29,29,190,10,10
364,2019-04-16,82,71,63,65,62,59,74,8,0,29,29,29,170,13,10
365,2019-04-17,83,75,71,72,70,66,83,8,0.01,29,29,29,150,14,7
366,2019-04-18,76,67,58,71,55,41,69,11,0.63,29,29,29,160,12,9
367,2019-04-19,76,64,51,47,42,35,48,8,0,30,29,29,340,10,10
368,2019-04-20,81,65,47,57,49,42,60,1,0,30,29,29,,7,10
369,2019-04-21,84,67,52,67,60,50,81,7,0,29,29,29,180,12,7
370,2019-04-22,80,73,68,65,63,61,73,3,0,29,29,29,160,11,10
371,2019-04-23,80,73,68,69,66,63,79,1,0,29,29,29,150,9,10
372,2019-04-24,71,65,62,66,62,58,89,3,0.01,29,29,29,130,8,7
373,2019-04-25,87,70,53,59,57,52,68,1,1.87,29,29,29,,5,10
374,2019-04-26,81,70,61,59,56,52,64,1,0,30,30,29,,7,10
375,2019-04-27,84,71,53,64,60,52,70,7,0,29,29,29,,9,10
376,2019-04-28,85,72,63,69,64,60,77,1,0,29,29,29,160,8,8
377,2019-04-29,84,76,68,70,67,64,75,5,0,29,29,29,170,12,9
378,2019-04-30,85,79,75,72,71,68,77,11,0,29,29,29,150,15,8
379,2019-05-01,84,79,76,72,71,69,78,3,0,29,29,29,160,12,9
380,2019-05-02,82,72,62,73,66,60,82,2,0,29,28,0,160,9,9
381,2019-05-03,83,70,63,73,66,61,88,5,0,29,29,29,40,10,7
382,2019-05-04,81,71,60,65,62,58,76,0,3.95,29,29,29,,7,9
383,2019-05-05,86,72,59,66,63,56,75,1,0,29,29,29,,5,9
384,2019-05-06,77,71,65,71,67,63,87,0,0,29,29,29,160,6,8
385,2019-05-07,86,75,67,74,70,65,85,7,0,29,29,29,130,11,8
386,2019-05-08,79,74,68,72,68,64,84,4,0.77,29,29,29,,8,8
387,2019-05-09,86,78,66,74,72,58,83,3,1.58,29,29,29,,8,5
388,2019-05-10,68,62,57,57,53,50,73,5,0,29,29,29,360,15,10
389,2019-05-11,67,62,59,60,57,56,85,0,0,29,29,29,340,8,8
390,2019-05-12,79,70,60,61,58,54,68,4,0.04,29,29,29,,7,10
391,2019-05-13,84,70,55,62,57,53,68,1,0,29,29,29,,4,10
392,2019-05-14,82,73,61,66,63,59,73,0,0,29,29,29,,4,10
393,2019-05-15,87,76,64,67,64,62,69,0,0,29,29,29,,4,10
394,2019-05-16,88,75,63,70,65,61,75,0,0,29,29,29,,5,9
395,2019-05-17,91,81,74,73,71,69,73,8,0,29,29,29,160,13,10
396,2019-05-18,88,81,77,78,74,72,81,8,0,29,29,29,170,13,7
397,2019-05-19,92,82,75,76,74,71,78,0,0.23,29,29,29,100,6,6
398,2019-05-20,92,83,78,75,73,69,73,16,0,29,29,29,160,16,9
399,2019-05-21,87,78,66,74,64,50,65,7,0,29,29,29,160,10,9
400,2019-05-22,92,83,73,75,71,61,70,14,0.14,29,29,29,160,13,9
401,2019-05-23,93,84,77,75,73,71,71,12,0,29,29,29,150,16,10
402,2019-05-24,92,83,76,74,71,67,69,8,0,29,29,29,150,15,10
403,2019-05-25,93,82,77,73,71,66,70,4,0,29,29,29,150,13,10
404,2019-05-26,92,82,76,72,69,65,68,6,0,29,29,29,160,12,10
405,2019-05-27,90,80,73,71,70,67,73,4,0,29,29,29,160,11,10
406,2019-05-28,89,81,74,73,71,69,74,7,0,29,29,29,160,13,9
407,2019-05-29,93,84,79,75,74,72,71,9,0,29,29,29,170,14,10
408,2019-05-30,86,78,72,73,71,69,82,1,1.69,29,29,29,30,8,9
409,2019-05-31,90,81,73,74,72,69,75,1,0,29,29,29,,5,9
410,2019-06-01,91,83,75,74,73,69,73,1,0,29,29,29,,4,9
411,2019-06-02,94,82,73,75,72,69,74,1,0,29,29,29,,4,9
412,2019-06-03,93,83,72,76,73,69,75,0,0,29,29,29,160,6,9
413,2019-06-04,85,78,73,76,73,71,85,1,0,29,29,29,,4,9
414,2019-06-05,91,81,76,76,74,73,82,1,0.44,29,29,29,70,6,9
415,2019-06-06,92,78,69,75,70,65,79,7,0.23,29,29,29,,7,9
416,2019-06-07,95,84,71,72,69,65,64,2,0.82,29,29,29,350,7,10
417,2019-06-08,97,83,69,74,69,66,66,0,0,29,29,29,,3,10
418,2019-06-09,97,83,73,76,70,60,68,15,0,29,29,29,,12,9
419,2019-06-10,88,80,74,71,67,60,64,6,0.39,30,30,29,10,14,10
420,2019-06-11,79,74,71,71,63,57,70,0,0,30,30,29,350,5,10
421,2019-06-12,90,77,66,69,66,64,72,0,0.05,29,29,29,,3,10
422,2019-06-13,91,80,69,68,62,56,58,0,0,30,29,29,,6,10
423,2019-06-14,91,81,69,71,68,63,67,6,0,29,29,29,170,10,10
424,2019-06-15,95,84,76,74,73,70,72,10,0,29,29,29,190,14,10
425,2019-06-16,96,84,72,76,73,68,70,10,0,29,29,29,190,13,10
426,2019-06-17,90,77,70,72,69,67,78,0,0.86,29,29,29,,7,9
427,2019-06-18,93,83,72,76,72,69,73,0,0,29,29,29,,5,10
428,2019-06-19,96,86,78,78,76,73,73,3,0,29,29,29,160,11,9
429,2019-06-20,96,86,80,79,77,76,77,5,0,29,29,29,160,11,9
430,2019-06-21,95,86,80,78,76,75,74,11,0,29,29,29,180,14,9
431,2019-06-22,93,84,76,78,75,71,76,6,0.02,29,29,29,160,12,10
432,2019-06-23,95,86,81,78,77,76,75,2,0.01,29,29,29,170,13,10
433,2019-06-24,83,75,69,77,69,63,81,5,0,29,29,29,160,10,9
434,2019-06-25,93,79,70,73,69,66,73,2,0.55,29,29,29,,7,10
435,2019-06-26,91,80,70,76,72,67,78,2,0,30,30,29,,6,10
436,2019-06-27,94,79,72,77,73,68,84,4,0,30,30,30,,6,7
437,2019-06-28,93,80,73,76,73,68,80,0,1.27,30,30,29,,4,7
438,2019-06-29,94,82,70,73,70,66,70,3,0,30,29,29,,6,10
439,2019-06-30,86,76,69,72,69,67,81,1,0.91,30,29,29,40,8,9
440,2019-07-01,92,81,72,74,72,69,74,0,0.04,29,29,29,,6,10
441,2019-07-02,94,82,75,76,73,70,77,3,0,29,29,29,180,9,9
442,2019-07-03,92,80,75,76,74,70,83,4,0,29,29,29,180,10,10
443,2019-07-04,93,83,75,76,74,71,76,5,0,29,29,29,,9,9
444,2019-07-05,95,85,78,77,75,73,74,7,0,29,29,29,170,12,10
445,2019-07-06,93,83,76,76,74,72,77,1,0,30,29,29,160,7,10
446,2019-07-07,95,85,78,76,75,71,74,1,0,30,29,29,200,8,10
447,2019-07-08,94,82,77,76,74,63,76,2,0,29,29,29,180,8,10
448,2019-07-09,96,86,77,76,75,72,72,3,0,29,29,29,180,11,10
449,2019-07-10,96,86,77,77,75,68,72,2,0,29,29,29,190,8,10
450,2019-07-11,97,84,74,73,71,68,66,4,0,29,29,29,320,9,10
451,2019-07-12,97,85,76,74,70,66,63,2,0,29,29,29,30,8,10
452,2019-07-13,95,85,72,75,70,65,61,1,0,29,29,29,320,9,10
453,2019-07-14,97,86,75,74,72,71,66,1,0,29,29,29,,6,10
454,2019-07-15,95,85,75,76,74,72,72,1,0,29,29,29,,5,10
455,2019-07-16,98,86,77,77,74,70,70,2,0,29,29,29,160,11,10
456,2019-07-17,98,85,76,77,74,71,73,2,0,29,29,29,180,11,10
457,2019-07-18,97,85,73,76,73,70,71,7,0,29,29,29,180,11,10
458,2019-07-19,98,85,76,75,73,70,70,7,0,29,29,29,180,12,10
459,2019-07-20,97,85,76,76,73,67,71,5,0,29,29,29,180,11,10
460,2019-07-21,97,84,71,75,71,66,70,1,0,29,29,29,160,8,9
461,2019-07-22,96,85,75,76,72,63,69,0,0,29,29,29,,4,10
462,2019-07-23,92,84,77,72,65,57,56,8,0,30,29,29,20,12,10
463,2019-07-24,89,79,66,65,59,53,54,5,0,30,30,29,50,8,10
464,2019-07-25,89,75,58,62,57,54,59,1,0,30,29,29,,4,10
465,2019-07-26,91,76,61,65,60,55,62,1,0,30,30,29,,3,10
466,2019-07-27,94,81,66,71,67,64,66,0,0,30,30,29,,4,10
467,2019-07-28,97,83,72,76,72,65,73,5,0,30,29,29,190,10,10
468,2019-07-29,96,84,74,75,71,65,71,2,0,29,29,29,170,9,9
469,2019-07-30,97,85,75,76,71,64,67,2,0,29,29,29,160,7,10
470,2019-07-31,99,82,0,76,68,0,68,0,0,29,27,0,,5,10
471,2019-08-01,96,84,72,74,70,66,66,0,0,29,29,29,,4,10
472,2019-08-02,96,85,73,74,70,66,64,0,0,29,29,29,,4,10
473,2019-08-03,93,83,75,73,72,70,70,0,0,29,29,29,200,6,10
474,2019-08-04,94,82,75,76,73,68,75,1,0.04,29,29,29,,4,10
475,2019-08-05,96,84,73,76,72,69,69,0,0,29,29,29,,5,10
476,2019-08-06,97,86,73,76,72,67,68,0,0,29,29,29,,6,10
477,2019-08-07,97,86,76,76,73,66,70,4,0,29,29,29,190,9,10
478,2019-08-08,99,86,76,77,74,68,71,4,0,29,29,29,180,11,10
479,2019-08-09,100,86,77,77,73,67,70,7,0,29,29,29,170,11,10
480,2019-08-10,99,86,77,76,73,66,70,4,0,29,29,29,160,11,10
481,2019-08-11,99,86,75,77,73,67,71,6,0,29,29,29,160,9,10
482,2019-08-12,101,88,76,76,72,67,65,2,0,29,29,29,170,10,10
483,2019-08-13,101,88,76,76,72,66,65,2,0,29,29,29,180,9,10
484,2019-08-14,100,86,75,76,72,67,67,3,0,29,29,29,,5,10
485,2019-08-15,99,87,75,76,72,69,66,0,0,29,29,29,,4,10
486,2019-08-16,101,89,75,73,70,67,57,1,0,29,29,29,140,7,10
487,2019-08-17,101,88,79,76,72,65,64,4,0,29,29,29,180,11,10
488,2019-08-18,101,88,79,77,73,67,66,5,0,29,29,29,180,11,10
489,2019-08-19,101,88,78,77,73,68,66,2,0,29,29,29,180,9,10
490,2019-08-20,99,87,77,77,72,65,64,1,0,29,29,29,200,8,9
491,2019-08-21,98,86,75,75,70,63,62,1,0,29,29,29,150,8,10
492,2019-08-22,99,86,76,76,72,67,67,2,0,29,29,29,160,6,10
493,2019-08-23,99,85,76,76,73,68,69,2,0,29,29,29,,7,10
494,2019-08-24,96,83,76,76,73,70,75,0,0,29,29,29,,5,10
495,2019-08-25,100,85,76,77,75,71,73,0,0,29,29,29,,5,8
496,2019-08-26,102,88,78,78,75,71,69,7,0,29,29,29,160,12,9
497,2019-08-27,94,86,79,77,74,69,70,1,0,29,29,29,170,9,10
498,2019-08-28,99,87,76,75,71,68,63,0,0,29,29,29,,4,10
499,2019-08-29,100,86,76,76,72,67,65,1,0,29,29,29,160,6,10
500,2019-08-30,98,85,74,76,72,66,69,1,0,29,29,29,,5,10
501,2019-08-31,98,84,73,74,69,61,65,1,0,29,29,29,,4,10
502,2019-09-01,97,85,73,71,68,66,59,4,0,30,29,29,,5,9
503,2019-09-02,99,85,71,72,65,56,56,2,0,29,29,29,,5,10
504,2019-09-03,99,85,69,68,65,62,56,3,0,29,29,29,,5,10
505,2019-09-04,99,86,73,71,66,60,55,7,0,29,29,29,,7,10
506,2019-09-05,100,86,68,72,66,60,58,1,0,30,29,29,,5,10
507,2019-09-06,100,88,73,72,67,60,55,0,0,30,29,29,,4,10
508,2019-09-07,100,87,74,75,67,59,57,4,0,29,29,29,,7,10
509,2019-09-08,100,85,74,75,70,61,65,4,0,29,29,29,160,10,10
510,2019-09-09,97,83,74,75,71,63,71,5,0,29,29,29,150,8,10
511,2019-09-10,98,81,72,74,71,64,76,4,0,30,29,29,,7,9
512,2019-09-11,95,80,70,76,71,67,77,3,0.18,30,29,29,,6,10
513,2019-09-12,97,82,72,75,71,64,72,1,0,30,29,29,,5,10
514,2019-09-13,97,82,70,73,68,62,67,2,0,30,30,29,,3,10
515,2019-09-14,99,85,70,69,65,59,56,1,0,30,29,29,,5,10
516,2019-09-15,96,83,69,71,65,61,59,2,0,30,29,29,,5,10
517,2019-09-16,98,86,73,70,66,62,56,3,0,29,29,29,,7,10
518,2019-09-17,90,81,71,73,70,67,72,1,0,29,29,29,20,7,10
519,2019-09-18,99,85,72,72,70,67,64,2,0,29,29,29,,6,10
520,2019-09-19,97,83,76,75,72,68,73,2,0,29,29,29,,6,10
521,2019-09-20,98,85,77,77,74,64,72,6,0,29,29,29,150,12,10
522,2019-09-21,96,84,78,76,73,67,73,6,0,29,29,29,150,12,10
523,2019-09-22,97,83,74,75,72,66,72,2,0,29,29,29,160,7,9
524,2019-09-23,96,84,75,76,72,66,71,1,0,29,29,29,160,7,10
525,2019-09-24,96,83,76,76,73,68,76,2,0,29,29,29,160,9,10
526,2019-09-25,97,83,71,73,69,63,67,0,0,29,29,29,,7,10
527,2019-09-26,96,83,71,73,68,60,65,0,0,29,29,29,,5,10
528,2019-09-27,96,82,72,74,69,62,70,3,0,29,29,29,,7,10
529,2019-09-28,92,84,78,78,74,70,74,4,0,29,29,29,160,12,10
530,2019-09-29,97,86,80,76,73,68,68,4,0,29,29,29,150,13,10
531,2019-09-30,96,84,79,78,75,72,78,6,0,29,29,29,150,11,9
532,2019-10-01,96,84,78,76,72,66,72,5,0.17,29,29,29,150,11,10
533,2019-10-02,96,81,73,75,71,65,77,2,0,29,29,29,,5,7
534,2019-10-03,96,82,70,73,68,63,68,2,0,29,29,29,,4,9
535,2019-10-04,93,81,71,70,67,62,66,0,0,30,29,29,,5,10
536,2019-10-05,95,81,67,70,65,62,63,1,0,29,29,29,,3,10
537,2019-10-06,96,82,68,70,64,59,59,0,0,29,29,29,,3,10
538,2019-10-07,83,76,69,69,60,55,60,8,0,30,30,29,10,13,10
539,2019-10-08,85,71,61,60,54,45,59,0,0,30,29,29,,6,10
540,2019-10-09,94,77,61,72,65,51,68,7,0,29,29,29,,9,9
541,2019-10-10,97,84,76,74,71,67,68,13,0,29,29,29,170,15,10
542,2019-10-11,81,59,48,74,47,33,68,17,0.02,30,30,29,360,19,10
543,2019-10-12,63,59,55,46,33,27,39,4,0.02,30,30,29,10,11,10
544,2019-10-13,79,68,57,59,48,41,51,0,0,29,29,29,,3,10
545,2019-10-14,88,76,69,72,68,59,77,0,0,29,29,29,,3,7
546,2019-10-15,95,82,75,74,71,67,73,1,0,29,29,29,100,7,10
547,2019-10-16,75,67,53,73,50,37,57,4,0.14,30,29,29,10,15,10
548,2019-10-17,76,62,52,48,45,38,57,0,0,30,29,29,,4,10
549,2019-10-18,84,64,47,57,50,44,65,0,0,29,29,29,,3,10
550,2019-10-19,95,76,62,70,62,49,67,1,0,29,29,29,,5,10
551,2019-10-20,93,78,62,75,66,52,67,7,0,29,29,29,,9,10
552,2019-10-21,80,71,53,75,51,34,55,5,0.24,29,29,29,30,11,10
553,2019-10-22,83,62,46,49,39,27,52,1,0,30,30,30,,4,10
554,2019-10-23,87,68,46,60,52,41,61,10,0,30,29,29,,10,10
555,2019-10-24,85,69,52,69,61,49,77,13,0,30,29,29,320,13,8
556,2019-10-25,59,51,46,47,41,38,70,26,2.09,30,30,29,330,17,10
557,2019-10-26,74,56,47,44,40,35,60,2,0,29,29,29,,6,10
558,2019-10-27,82,60,39,54,42,35,59,2,0,29,29,29,,6,10
559,2019-10-28,82,66,51,68,59,49,81,1,0,29,29,29,,5,10
560,2019-10-29,61,55,51,56,52,49,91,0,0,29,29,29,10,12,6
561,2019-10-30,50,48,44,48,43,33,83,13,0.02,30,29,29,330,16,8
562,2019-10-31,56,43,32,32,26,21,55,11,0,30,30,30,340,12,10
563,2019-11-01,63,45,26,35,27,20,57,1,0,30,30,30,,4,10
564,2019-11-02,68,50,35,38,34,30,61,0,0,30,30,30,,4,10
565,2019-11-03,73,56,36,52,41,32,64,2,0,30,30,29,,6,10
566,2019-11-04,83,65,48,60,55,46,74,4,0,29,29,29,,6,10
567,2019-11-05,84,71,58,68,64,56,80,0,0,30,30,29,,3,9
568,2019-11-06,83,74,64,69,66,60,77,1,0,30,30,30,150,9,10
569,2019-11-07,67,59,45,64,56,41,87,7,0,30,30,30,10,11,8
570,2019-11-08,50,47,42,44,43,41,87,3,0.15,30,30,30,360,12,9
571,2019-11-09,70,53,40,48,44,38,74,0,0.07,30,30,30,,3,9
572,2019-11-10,76,61,43,58,49,41,68,2,0,30,29,29,190,7,10
573,2019-11-11,74,55,33,65,48,28,78,16,0,30,30,29,350,15,10
574,2019-11-12,46,35,29,27,18,14,50,15,0.02,30,30,30,350,17,10
575,2019-11-13,42,37,28,29,24,18,61,0,0,30,30,30,,5,10
576,2019-11-14,45,41,33,42,38,30,87,0,0.02,30,30,30,,7,6
577,2019-11-15,62,43,31,39,34,30,75,0,0.14,30,30,30,,3,8
578,2019-11-16,66,48,30,40,36,28,67,0,0,30,30,30,,4,10
579,2019-11-17,69,52,38,53,45,36,80,0,0,30,29,29,,2,10
580,2019-11-18,75,55,41,46,43,38,69,0,0,29,29,29,,2,10
581,2019-11-19,80,61,41,59,50,39,72,1,0,29,29,29,160,5,10
582,2019-11-20,82,71,63,67,64,60,79,12,0,29,29,29,160,13,8
583,2019-11-21,79,74,69,67,66,64,78,6,0,29,29,29,180,10,10
584,2019-11-22,69,59,46,67,54,40,86,1,0.02,30,29,29,350,9,6
585,2019-11-23,69,51,40,44,40,37,69,1,0.02,30,30,29,,6,10
586,2019-11-24,74,55,37,49,41,35,64,1,0,30,29,29,,6,10
587,2019-11-25,83,67,48,56,52,45,62,3,0,29,29,29,210,9,10
588,2019-11-26,77,68,63,66,63,50,85,1,0,29,29,29,190,8,7
589,2019-11-27,65,58,53,32,27,20,31,4,0,30,30,29,20,17,10
590,2019-11-28,55,52,50,51,45,32,77,0,0.01,30,30,30,30,9,7
591,2019-11-29,75,59,52,72,57,50,94,2,0.01,30,29,29,,6,2
592,2019-11-30,87,76,58,72,65,42,71,3,0.16,29,29,29,190,11,10
593,2019-12-01,66,54,40,37,27,23,37,3,0,30,30,29,340,10,10
594,2019-12-02,65,51,37,33,29,27,47,1,0,30,30,30,,5,10
595,2019-12-03,74,52,32,40,35,29,59,1,0,30,29,29,,6,10
596,2019-12-04,74,56,42,39,37,35,53,0,0,30,29,29,,4,10
597,2019-12-05,74,59,43,60,53,38,81,2,0,29,29,29,,7,7
598,2019-12-06,74,61,49,54,45,40,60,4,0,30,30,29,320,9,9
599,2019-12-07,69,54,43,47,41,36,65,0,0,30,30,30,,4,10
600,2019-12-08,76,59,42,59,51,40,76,5,0,30,29,29,,7,9
601,2019-12-09,81,69,58,65,60,39,76,1,0,29,29,29,200,9,7
602,2019-12-10,57,46,37,42,39,34,80,4,0.03,30,30,29,10,15,9
603,2019-12-11,57,44,34,39,36,31,74,0,0.34,30,30,30,,6,10
604,2019-12-12,62,46,30,47,39,29,79,0,0,30,30,29,,3,10
605,2019-12-13,79,54,36,47,40,35,66,1,0,29,29,29,,4,10
606,2019-12-14,78,54,38,48,43,35,70,0,0,29,29,29,,3,10
607,2019-12-15,81,59,40,67,54,39,85,2,0,29,29,29,,8,5
608,2019-12-16,70,53,41,67,45,30,74,13,0,30,29,29,350,15,9
609,2019-12-17,55,41,27,30,24,16,53,11,0,30,30,30,350,14,10
610,2019-12-18,60,40,24,25,20,15,53,0,0,30,30,30,,2,10
611,2019-12-19,60,40,21,34,23,18,56,2,0,30,30,30,,4,10
612,2019-12-20,52,50,48,49,45,38,85,0,0,30,30,30,100,4,5
613,2019-12-21,60,51,36,49,45,35,83,0,0.4,30,30,30,,3,5
614,2019-12-22,59,41,30,43,37,30,85,0,0,30,30,30,,3,5
615,2019-12-23,71,46,31,44,36,28,72,0,0,30,30,29,,2,9
616,2019-12-24,71,50,30,45,36,29,65,1,0,30,29,29,,4,10
617,2019-12-25,72,56,39,57,50,37,84,0,0,29,29,29,180,5,7
618,2019-12-26,68,61,48,59,56,47,85,0,0,30,29,29,,2,10
619,2019-12-27,68,59,48,59,56,47,89,0,0,30,29,29,,4,7
620,2019-12-28,73,63,51,64,59,49,86,2,0.01,29,29,29,170,10,8
621,2019-12-29,67,56,45,51,38,28,53,8,0,30,29,29,320,9,10
622,2019-12-30,62,46,33,31,28,26,54,0,0,30,30,29,,4,10
623,2019-12-31,61,48,31,30,26,21,48,0,0,30,30,30,,3,10
624,2020-01-01,57,54,50,49,39,29,58,0,0,30,29,29,,6,10
625,2020-01-02,61,53,41,54,50,40,88,0,0.01,29,29,29,,5,8
626,2020-01-03,66,54,40,44,40,31,64,5,0.01,30,29,29,320,7,10
627,2020-01-04,71,52,33,35,32,28,51,0,0,30,30,30,,3,10
628,2020-01-05,74,57,39,41,34,28,45,5,0,30,30,30,200,8,10
629,2020-01-06,75,56,35,50,42,33,63,3,0,30,30,29,,7,10
630,2020-01-07,68,49,31,34,25,17,44,0,0,30,30,30,,4,10
631,2020-01-08,71,52,26,56,39,22,64,4,0,30,30,30,,9,10
632,2020-01-09,78,69,63,64,61,56,76,11,0,29,29,29,170,15,10
633,2020-01-10,78,70,58,67,63,52,78,19,0,29,29,29,170,16,9
634,2020-01-11,59,50,35,54,39,32,67,7,0.45,30,30,29,310,9,10
635,2020-01-12,63,45,28,45,37,27,78,1,0,30,30,30,,3,10
636,2020-01-13,61,57,47,59,55,44,95,0,0,30,30,30,,2,2
637,2020-01-14,76,65,60,68,63,59,93,0,0.08,30,29,29,,3,3
638,2020-01-15,82,73,66,70,67,64,84,2,0.01,30,29,29,170,8,7
639,2020-01-16,70,62,57,68,60,55,93,0,0,30,30,30,10,8,5
640,2020-01-17,61,57,52,59,55,50,92,0,0.36,30,30,30,,4,6
641,2020-01-18,69,62,49,64,54,30,77,1,0.1,30,30,30,,9,7
642,2020-01-19,58,47,38,29,25,19,43,4,0,30,30,30,10,14,10
643,2020-01-20,61,45,31,36,29,25,58,0,0,30,30,30,,2,10
644,2020-01-21,62,51,39,41,35,31,58,1,0,30,30,30,,8,10
645,2020-01-22,59,54,48,58,52,43,93,0,0.21,30,29,29,140,6,5
646,2020-01-23,66,53,42,55,49,40,87,1,0.7,30,29,29,,6,6
647,2020-01-24,67,50,37,43,36,31,64,0,0,30,30,30,,3,10
648,2020-01-25,66,53,35,58,47,33,81,6,0,30,29,29,,6,9
649,2020-01-26,77,60,47,58,52,45,77,0,0.04,29,29,29,,3,6
650,2020-01-27,69,54,41,55,50,40,86,0,0,29,29,29,,6,7
651,2020-01-28,73,58,50,56,49,36,76,6,0.2,29,29,29,310,9,8
652,2020-01-29,62,51,42,41,39,36,63,9,0.04,30,29,29,320,11,10
653,2020-01-30,50,47,44,41,41,39,78,0,0,30,30,29,10,9,9
654,2020-01-31,61,49,40,43,39,35,69,1,0,30,30,30,320,5,10
655,2020-02-01,74,52,34,38,33,26,57,4,0,30,30,30,,5,10
656,2020-02-02,77,56,34,44,35,30,52,4,0,30,29,29,,7,10
657,2020-02-03,73,65,55,63,57,48,76,12,0,29,29,29,180,13,10
658,2020-02-04,77,65,47,64,58,42,79,2,0,29,29,29,180,12,10
659,2020-02-05,46,40,34,41,33,27,77,14,0,29,29,29,350,16,8
660,2020-02-06,55,41,32,29,25,20,57,7,0.02,29,29,29,320,7,10
661,2020-02-07,75,53,31,37,31,24,48,6,0,30,29,29,220,7,10
662,2020-02-08,69,56,37,58,44,31,67,2,0,30,30,29,170,8,10
663,2020-02-09,74,69,61,69,66,58,89,5,0,29,29,29,170,11,8
664,2020-02-10,72,60,48,69,57,41,90,4,0.03,29,29,29,20,10,5
665,2020-02-11,48,46,44,45,43,41,90,3,0.26,30,29,29,10,14,6
666,2020-02-12,58,48,41,47,43,40,86,4,0.88,29,29,29,330,7,8
667,2020-02-13,53,45,35,43,37,32,75,4,0.1,30,30,29,20,12,10
668,2020-02-14,58,42,30,38,33,27,72,1,0,30,30,30,100,5,10
669,2020-02-15,65,50,31,52,44,30,79,1,0,30,30,29,,4,9
670,2020-02-16,76,59,45,61,53,43,83,0,0,30,29,29,,4,9
671,2020-02-17,79,69,61,67,65,59,88,3,0.01,29,29,29,200,10,7
672,2020-02-18,73,64,50,69,61,42,88,3,0,30,29,29,360,9,6
673,2020-02-19,51,49,47,47,46,45,89,0,0.05,30,30,30,10,13,8
674,2020-02-20,51,47,44,45,42,34,83,13,0.14,30,30,30,360,16,8
675,2020-02-21,53,44,36,36,33,29,64,2,0.24,30,30,30,360,10,10
676,2020-02-22,63,52,38,46,39,34,64,4,0,30,30,30,,7,10
677,2020-02-23,70,61,54,62,54,47,78,3,0,30,29,29,160,8,10
678,2020-02-24,70,62,44,63,48,39,65,5,0,29,29,29,290,6,10
679,2020-02-25,67,55,40,44,39,22,57,14,0,30,29,29,350,12,10
680,2020-02-26,54,45,29,28,24,20,45,23,0,30,30,30,320,15,10
681,2020-02-27,63,44,26,27,24,21,51,2,0,30,30,30,,4,10
682,2020-02-28,73,52,32,37,30,24,48,0,0,30,30,30,,4,10
683,2020-02-29,74,58,37,53,40,31,56,11,0,30,30,29,,10,10
684,2020-03-01,77,65,55,63,58,53,79,5,0,29,29,29,180,10,10
685,2020-03-02,77,69,64,65,63,61,83,2,0,29,29,29,190,7,8
686,2020-03-03,75,67,60,67,63,59,89,1,0,29,29,29,,5,5
687,2020-03-04,68,62,54,66,58,51,87,6,0.02,30,29,29,360,12,7
688,2020-03-05,74,59,49,49,44,38,64,4,0.83,30,30,30,320,8,10
689,2020-03-06,69,56,43,42,35,30,51,4,0,30,30,30,,9,10
690,2020-03-07,63,51,40,45,42,37,72,1,0,30,30,30,,4,10
691,2020-03-08,76,58,41,58,51,39,78,7,0,30,30,30,160,9,9
692,2020-03-09,69,66,64,67,63,59,91,4,0,30,30,30,170,9,9
693,2020-03-10,80,67,58,65,62,56,85,0,0.21,30,30,30,,4,7
694,2020-03-11,83,71,64,66,64,63,80,3,0,30,29,29,200,10,8
695,2020-03-12,86,74,67,66,64,63,74,4,0,29,29,29,190,11,10
696,2020-03-13,83,74,68,67,65,64,75,4,0,29,29,29,140,10,10
697,2020-03-14,83,76,71,69,67,64,75,4,0,30,29,29,160,8,9
698,2020-03-15,71,63,60,65,60,57,88,0,0,30,30,30,10,10,7
699,2020-03-16,74,67,60,67,63,59,86,0,0.05,30,30,29,110,6,8
700,2020-03-17,80,72,67,70,67,66,85,2,0,30,29,29,130,9,8
701,2020-03-18,82,74,70,69,67,65,79,4,0.38,29,29,29,170,12,10
702,2020-03-19,81,74,69,70,68,66,82,8,0.03,29,29,29,160,11,9
703,2020-03-20,73,62,53,70,58,45,86,13,0.42,30,30,29,10,14,8
704,2020-03-21,55,52,49,53,48,42,86,2,0.32,30,30,30,10,11,6
705,2020-03-22,68,61,55,64,59,53,93,0,0.99,30,30,29,,3,2
706,2020-03-23,82,71,65,69,67,64,86,2,0.02,30,29,29,,5,5
707,2020-03-24,91,73,60,68,62,45,74,0,0,29,29,29,,6,9
708,2020-03-25,88,68,54,70,62,51,84,0,0,29,29,29,,4,6
709,2020-03-26,87,75,67,70,67,65,78,3,0,29,29,29,160,10,8
710,2020-03-27,88,76,68,71,68,66,78,6,0,29,29,29,170,11,9
711,2020-03-28,78,70,51,72,61,37,77,3,0,29,29,29,160,8,8
712,2020-03-29,79,64,48,55,47,40,57,0,0.1,30,30,29,70,6,10
713,2020-03-30,72,67,63,70,64,53,88,0,0,29,29,29,,3,5
714,2020-03-31,71,64,52,68,58,50,83,4,0.32,30,29,29,,7,7
715,2020-04-01,77,62,46,55,52,45,71,2,0,29,29,29,160,7,10
716,2020-04-02,72,66,60,67,62,56,87,1,0,29,29,29,140,7,9
717,2020-04-03,74,65,48,71,63,46,93,0,0,29,29,29,150,9,5
718,2020-04-04,53,49,46,50,46,44,91,1,2.36,30,29,29,350,11,8
719,2020-04-05,67,59,51,61,55,49,86,0,0.36,30,29,29,40,6,8
720,2020-04-06,78,69,59,69,64,58,86,0,0,29,29,29,,3,8
721,2020-04-07,86,75,68,73,70,66,87,2,0,29,29,29,200,6,7
722,2020-04-08,89,79,72,76,73,71,84,0,0,29,29,29,190,7,6
723,2020-04-09,91,74,67,75,69,63,85,1,0,29,29,29,,5,8
724,2020-04-10,74,68,64,64,60,56,77,2,0.23,30,29,29,20,10,10
725,2020-04-11,78,69,56,72,64,54,84,0,0,29,29,29,150,7,9
726,2020-04-12,86,76,58,72,57,36,60,15,0.01,29,29,29,280,11,8
727,2020-04-13,63,55,45,46,39,32,56,15,0,30,29,29,360,16,10
728,2020-04-14,64,55,45,44,41,36,61,9,0,30,30,30,10,14,10